{
	"info": {
		"_postman_id": "e65f211e-5a03-47d1-ba74-6488f48e4d5a",
		"name": "Examen PSP",
		"schema": "https://schema.getpostman.com/json/collection/v2.1.0/collection.json",
		"_exporter_id": "27074173"
	},
	"item": [
		{
			"name": "A",
			"request": {
				"method": "GET",
				"header": [],
				"url": {
					"raw": "127.0.0.1:8080/pokemon",
					"host": [
						"127",
						"0",
						"0",
						"1"
					],
					"port": "8080",
					"path": [
						"pokemon"
					]
				}
			},
			"response": []
		},
		{
			"name": "C",
			"request": {
				"method": "GET",
				"header": [],
				"url": {
					"raw": "127.0.0.1:8080/pokemon/filter?level=40&health=400",
					"host": [
						"127",
						"0",
						"0",
						"1"
					],
					"port": "8080",
					"path": [
						"pokemon",
						"filter"
					],
					"query": [
						{
							"key": "level",
							"value": "40"
						},
						{
							"key": "health",
							"value": "400"
						}
					]
				}
			},
			"response": []
		},
		{
			"name": "B",
			"request": {
				"method": "POST",
				"header": [],
				"body": {
					"mode": "raw",
					"raw": "{\r\n    \"name\": \"eevee\",\r\n    \"level\": 20,\r\n    \"health\": 420\r\n}",
					"options": {
						"raw": {
							"language": "json"
						}
					}
				},
				"url": {
					"raw": "127.0.0.1:8080/pokemon/post",
					"host": [
						"127",
						"0",
						"0",
						"1"
					],
					"port": "8080",
					"path": [
						"pokemon",
						"post"
					]
				}
			},
			"response": []
		},
		{
			"name": "D",
			"request": {
				"method": "PUT",
				"header": [],
				"body": {
					"mode": "raw",
					"raw": "{\r\n    \"name\": \"pikachu\",\r\n    \"level\": 30,\r\n    \"health\": 600\r\n}",
					"options": {
						"raw": {
							"language": "json"
						}
					}
				},
				"url": {
					"raw": "127.0.0.1:8080/pokemon/update/Pikachu",
					"host": [
						"127",
						"0",
						"0",
						"1"
					],
					"port": "8080",
					"path": [
						"pokemon",
						"update",
						"Pikachu"
					]
				}
			},
			"response": []
		},
		{
			"name": "E",
			"request": {
				"method": "GET",
				"header": [],
				"url": {
					"raw": "127.0.0.1:8080/json/pepe.json",
					"host": [
						"127",
						"0",
						"0",
						"1"
					],
					"port": "8080",
					"path": [
						"json",
						"pepe.json"
					]
				}
			},
			"response": []
		}
	]
}